10001|Max|Mustermann|12345|Musterstadt
10002|Anna|Musterfrau|54321|Beispielort
10003|Peter|Schmidt|98765|Musterhausen
10004|Lena|Müller|67890|Teststadt
10005|Thomas|Fischer|45678|Probendorf
10006|Sandra|Wagner|23456|Mustertal
10007|Michael|Koch|87654|Beispielstadt
10008|Sarah|Schneider|34567|Testort
10009|Daniel|Schulz|78901|Prüfhausen
10010|Laura|Bauer|21098|Testdorf
10011|Kevin|Hoffmann|87612|Mustertown
10012|Monika|Wolf|10987|Beispielstadt
10013|Markus|König|65432|Teststadt
10014|Lisa|Herrmann|32109|Prüfdorf
10015|Martin|Becker|89076|Musterhausen
10016|Melanie|Lange|56789|Probendorf
10017|Johannes|Krause|43210|Mustertal
10018|Julia|Schmitt|78965|Beispielort
10019|Patrick|Hahn|34567|Teststadt
10020|Vanessa|Lehmann|87654|Prüfhausen
